timestamp,pressione_bar,portata_l_s,anomalia
2023-05-01 00:00:00,4.099342830602247,120.99033154879004,0
2023-05-01 01:00:00,3.972347139765763,113.86950524369153,0
2023-05-01 02:00:00,4.1295377076201385,100.89445554880261,0
2023-05-01 03:00:00,4.304605971281605,90.2959483344164,0
2023-05-01 04:00:00,3.953169325055333,110.47334970420386,0
2023-05-01 05:00:00,3.953172608610164,105.90228078132624,0
2023-05-01 06:00:00,4.315842563101478,113.42789830041599,0
2023-05-01 07:00:00,4.153486945830582,109.52757702522955,0
2023-05-01 08:00:00,3.9061051228130097,115.74329072979003,0
2023-05-01 09:00:00,4.108512008717193,91.97147182659148,0
2023-05-01 10:00:00,3.9073164614375075,119.76091098451488,0
2023-05-01 11:00:00,3.9068540492859487,102.963994070386,0
2023-05-01 12:00:00,4.048392454313207,131.12891308937898,0
2023-05-01 13:00:00,3.6173439510684404,89.66218272865649,0
2023-05-01 14:00:00,3.6550164334973934,126.03945704747875,0
2023-05-01 15:00:00,3.8875424941518055,102.96866175193972,0
2023-05-01 16:00:00,3.7974337759331154,90.22872994578327,0
2023-05-01 17:00:00,4.062849466519054,92.74171248918518,0
2023-05-01 18:00:00,3.818395184895758,95.1947903770852,0
2023-05-01 19:00:00,3.7175392597329417,106.36248919602875,0
2023-05-01 20:00:00,4.293129753784311,107.8425323205325,0
2023-05-01 21:00:00,3.954844739902693,91.39449994092132,0
2023-05-01 22:00:00,4.013505640937585,99.63468111608526,0
2023-05-01 23:00:00,3.715050362757309,132.13405537917794,0
2023-05-02 00:00:00,3.8911234550949634,125.91314755151066,0
2023-05-02 01:00:00,4.022184517941973,106.54485504511048,0
2023-05-02 02:00:00,3.7698012845155393,100.570052172523,0
2023-05-02 03:00:00,4.075139603669134,101.80046990077392,0
2023-05-02 04:00:00,3.879872262016239,109.20276959095625,0
2023-05-02 05:00:00,3.941661250041345,84.65811152202392,0
2023-05-02 06:00:00,3.8796586775541204,96.13935193864982,0
2023-05-02 07:00:00,4.370455636901788,74.97123889183615,0
2023-05-02 08:00:00,3.997300555052413,105.98834683907918,0
2023-05-02 09:00:00,3.78845781420882,109.70793909554112,0
2023-05-02 10:00:00,4.164508982420638,92.75220306550939,0
2023-05-02 11:00:00,3.7558312700057956,123.6098014493505,0
2023-05-02 12:00:00,4.041772719000951,81.61351505496488,0
2023-05-02 13:00:00,3.608065975224045,78.0343767968527,0
2023-05-02 14:00:00,3.734362790220314,103.36677727839958,0
2023-05-02 15:00:00,4.039372247173825,115.70647453918232,0
2023-05-02 16:00:00,4.147693315999082,125.25891537186803,0
2023-05-02 17:00:00,4.034273656237994,93.1167360569659,0
2023-05-02 18:00:00,3.976870343522352,116.18021250146944,0
2023-05-02 19:00:00,3.9397792608821423,99.42237295748939,0
2023-05-02 20:00:00,3.7042956019265145,97.41059050088771,0
2023-05-02 21:00:00,3.8560311583210582,113.25489906230008,0
2023-05-02 22:00:00,3.9078722458080426,109.78484317620129,0
2023-05-02 23:00:00,4.211424445243783,76.35411764523626,0
2023-05-03 00:00:00,4.068723657913692,122.14810524588844,0
2023-05-03 01:00:00,3.647391968927453,120.70137031221176,0
2023-05-03 02:00:00,4.0648167938789594,90.61655947735706,0
2023-05-03 03:00:00,3.922983543916737,105.93705300156114,0
2023-05-03 04:00:00,3.864615599938808,107.41045279424108,0
2023-05-03 05:00:00,4.1223352577681736,103.9101064873586,0
2023-05-03 06:00:00,4.20619990449919,91.7454226923187,0
2023-05-03 07:00:00,4.18625602382324,89.92564948092922,0
2023-05-03 08:00:00,3.832156495355472,99.61668893512832,0
2023-05-03 09:00:00,3.938157524829757,117.59093528889048,0
2023-05-03 10:00:00,4.066252686280713,108.15400231891648,0
2023-05-03 11:00:00,4.195109025424472,94.44078501870841,0
2023-05-03 12:00:00,3.904165152430942,111.57548065972517,0
2023-05-03 13:00:00,3.9628682046672368,57.27186069054887,0
2023-05-03 14:00:00,3.778733005198794,117.23148550558156,0
2023-05-03 15:00:00,3.3527380652282286,108.67317212656944,1
2023-05-03 16:00:00,4.16250516447884,94.56338587895301,0
2023-05-03 17:00:00,4.271248005714164,83.20495158060784,0
2023-05-03 18:00:00,3.985597975683933,80.57977786418641,0
2023-05-03 19:00:00,4.200706579578405,117.41240181067779,0
2023-05-03 20:00:00,4.072327205009527,92.98448198032163,0
2023-05-03 21:00:00,3.8709760490789753,105.19755822596073,0
2023-05-03 22:00:00,4.072279121101682,99.29619131681224,0
2023-05-03 23:00:00,3.3847262604672737,144.13711465621026,1
2023-05-04 00:00:00,3.9928347921780096,101.15232836590383,0
2023-05-04 01:00:00,4.312928731162801,80.75511663717145,0
2023-05-04 02:00:00,3.476050979182051,114.94400229170711,0
2023-05-04 03:00:00,4.164380500875045,92.59365125258032,0
2023-05-04 04:00:00,4.017409413647634,76.65127152010373,0
2023-05-04 05:00:00,3.9401985299068265,93.57827258551131,0
2023-05-04 06:00:00,4.018352155307101,122.51139685951466,0
2023-05-04 07:00:00,3.6024862170798215,112.7533261317024,0
2023-05-04 08:00:00,3.9560656224324977,94.7702179838821,0
2023-05-04 09:00:00,4.071422514302349,94.76113443522357,0
2023-05-04 10:00:00,4.295578808948303,95.17547423173926,0
2023-05-04 11:00:00,3.8963459563452707,131.15121975341262,0
2023-05-04 12:00:00,3.8383012794213625,105.7290317834733,0
2023-05-04 13:00:00,3.8996485912830927,106.45062470786604,0
2023-05-04 14:00:00,4.183080423540415,115.45425181047763,0
2023-05-04 15:00:00,4.065750221931937,103.5818373853977,0
2023-05-04 16:00:00,3.8940479592465924,96.11436781268945,0
2023-05-04 17:00:00,4.102653486622671,97.05475226372532,0
2023-05-04 18:00:00,4.019415509869608,98.92598110878905,0
2023-05-04 19:00:00,4.193728998106578,99.44166645235238,0
2023-05-04 20:00:00,3.8595893812245294,110.9144431545547,0
2023-05-04 21:00:00,3.934467570680446,100.77918828710949,0
2023-05-04 22:00:00,3.9215783693735684,110.98960115823368,0
2023-05-04 23:00:00,3.7072970103735763,98.78925129837127,0
2023-05-05 00:00:00,4.0592240554129155,101.17952785474137,0
2023-05-05 01:00:00,4.052211054435978,70.0269897320184,0
2023-05-05 02:00:00,4.001022691328492,113.74491512053723,0
2023-05-05 03:00:00,3.953082573324971,105.19732713846989,0
2023-05-05 04:00:00,3.716925851589917,114.97015164789478,0
2023-05-05 05:00:00,3.9158709354469283,56.55616932709466,0
2023-05-05 06:00:00,3.931457096694646,131.3256205717109,0
2023-05-05 07:00:00,3.8395445461556763,97.9061555776724,0
2023-05-05 08:00:00,3.9677428576667984,116.62274225106275,0
2023-05-05 09:00:00,4.0808101713629075,84.40141109311703,0
2023-05-05 10:00:00,4.377237180242106,109.19160857593855,0
2023-05-05 11:00:00,4.0349155625663675,84.19876655239516,0
2023-05-05 12:00:00,4.0515100781445526,90.64346558956292,0
2023-05-05 13:00:00,3.9851108168467664,128.7104703080018,0
2023-05-05 14:00:00,3.6162457569401916,97.1397639885498,0
2023-05-05 15:00:00,3.9946972249101567,103.26149309769585,0
2023-05-05 16:00:00,4.012046041988206,113.05101596033131,0
2023-05-05 17:00:00,4.492648422497057,107.43522831958907,0
2023-05-05 18:00:00,3.9615278070437756,102.25628357715365,0
2023-05-05 19:00:00,4.0603094684667225,105.47441503699338,0
2023-05-05 20:00:00,3.078672304642447,181.83542643412338,1
2023-05-05 21:00:00,3.7662643924760935,99.13571804449622,0
2023-05-05 22:00:00,4.228564562903004,103.01648570072452,0
2023-05-05 23:00:00,4.150386606537355,115.75981594011418,0
2023-05-06 00:00:00,4.158206389408609,116.58288899436975,0
2023-05-06 01:00:00,3.818122509041052,117.8054545834057,0
2023-05-06 02:00:00,4.2805588621872195,109.58095333043777,0
2023-05-06 03:00:00,3.719629787441544,82.85492630904275,0
2023-05-06 04:00:00,4.117371418760054,124.50147298451644,0
2023-05-06 05:00:00,4.438091125161995,82.80481910471968,0
2023-05-06 06:00:00,3.8018927349738623,104.5395319785855,0
2023-05-06 07:00:00,3.8867404540794457,88.68586224970963,0
2023-05-06 08:00:00,4.019930273017528,99.0379248011051,0
2023-05-06 09:00:00,3.8993048691767602,104.9314361545522,0
2023-05-06 10:00:00,3.6898673137867735,104.8203582317541,0
2023-05-06 11:00:00,4.013712594961206,106.32881131352927,0
2023-05-06 12:00:00,3.787539257254779,124.20566903587971,0
2023-05-06 13:00:00,4.094718486127037,106.8030145227097,0
2023-05-06 14:00:00,2.9773252413312616,135.86302780501802,1
2023-05-06 15:00:00,4.309986881003508,114.46130752432536,0
2023-05-06 16:00:00,3.8433493415327526,117.8420573338696,0
2023-05-06 17:00:00,3.9355876967588648,81.58588277294511,0
2023-05-06 18:00:00,4.162703443473934,108.96100104774787,0
2023-05-06 19:00:00,3.753827136713209,110.51759113466348,0
2023-05-06 20:00:00,4.045491986920826,95.53654744960012,0
2023-05-06 21:00:00,3.4574806872437662,166.69373981842264,1
2023-05-06 22:00:00,3.6785033530877547,97.7491661945121,0
2023-05-06 23:00:00,4.036926771706461,101.88364680207313,0
2023-05-07 00:00:00,4.0519765588496846,97.40392263574195,0
2023-05-07 01:00:00,4.156364574355462,100.23368571372201,0
2023-05-07 02:00:00,3.7526098578243836,83.55587369657198,0
2023-05-07 03:00:00,3.735908677383145,78.39923676108559,0
2023-05-07 04:00:00,4.10438831312338,123.91757594837458,0
2023-05-07 05:00:00,4.059396934646637,87.29557977522508,0
2023-05-07 06:00:00,4.050098570069175,85.1291147581554,0
2023-05-07 07:00:00,4.069289641899395,67.69914829594427,0
2023-05-07 08:00:00,3.8639950556843017,90.41557378465747,0
2023-05-07 09:00:00,4.046450739432201,80.15365309888753,0
2023-05-07 10:00:00,4.058614494659737,124.63022740204553,0
2023-05-07 11:00:00,3.8571297163947262,115.1472563401395,0
2023-05-07 12:00:00,4.3731549022289515,89.67774482233415,0
2023-05-07 13:00:00,4.0947665841823575,133.78653708016463,0
2023-05-07 14:00:00,3.76173930055947,114.72648230487391,0
2023-05-07 15:00:00,4.131310721726766,95.12752924737066,0
2023-05-07 16:00:00,3.8050636659545356,62.508914276896405,0
2023-05-07 17:00:00,4.15741692074849,134.36413858886112,0
2023-05-07 18:00:00,4.23171911580148,79.15641299854606,0
2023-05-07 19:00:00,3.835863536329658,75.31901879564663,0
2023-05-07 20:00:00,4.192675225848864,115.3385564801446,0
2023-05-07 21:00:00,4.0825561853873,136.59628609508908,0
2023-05-07 22:00:00,4.164412031998898,120.76409227765777,0
2023-05-07 23:00:00,4.379358596530789,108.4586368007854,0
2023-05-08 00:00:00,3.9509223767994257,108.92131512497929,0
2023-05-08 01:00:00,3.849252767128502,112.80123338170462,0
2023-05-08 02:00:00,3.822097114074895,111.38392884680148,0
2023-05-08 03:00:00,3.4235530577233346,153.9483152084844,1
2023-05-08 04:00:00,3.984579658117179,101.56301655927814,0
2023-05-08 05:00:00,4.0682303949633285,99.06110308150717,0
2023-05-08 06:00:00,4.055338159866004,88.69053116699986,0
2023-05-08 07:00:00,4.165436649807205,95.78987384699839,0
2023-05-08 08:00:00,4.002600378375582,74.60564778706922,0
2023-05-08 09:00:00,4.290706815431463,98.52490559807875,0
2023-05-08 10:00:00,3.947068633352409,85.17113339273624,0
2023-05-08 11:00:00,4.544033833317924,83.44616024176344,0
2023-05-08 12:00:00,4.125133469553001,102.69841226730217,0
2023-05-08 13:00:00,3.8285684887167433,120.880034295169,0
2023-05-08 14:00:00,3.7858215003877778,113.7747490900347,0
2023-05-08 15:00:00,4.096494483048637,76.44249094565234,0
2023-05-08 16:00:00,3.9553074429348296,85.15557795144494,0
2023-05-08 17:00:00,4.142800098818419,114.11156781982324,0
2023-05-08 18:00:00,4.094647524914709,85.26268909692536,0
2023-05-08 19:00:00,3.9854342174686255,96.63050275004463,0
2023-05-08 20:00:00,3.830641256386319,108.25078148536828,0
2023-05-08 21:00:00,3.697030555062827,85.47483317704547,0
2023-05-08 22:00:00,3.910697009586596,101.5806325921894,0
2023-05-08 23:00:00,4.171279758864695,79.98961757622693,0
2023-05-09 00:00:00,4.042818748826041,90.9794853407318,0
2023-05-09 01:00:00,3.750852244257602,104.79672901213806,0
2023-05-09 02:00:00,4.034636185170236,76.10509399702497,0
2023-05-09 03:00:00,4.077063475945767,106.60712106940599,0
2023-05-09 04:00:00,3.8232285127597736,99.70543301609978,0
2023-05-09 05:00:00,4.030745021189105,108.28734931625722,0
2023-05-09 06:00:00,4.0116417436892,103.35871201096992,0
2023-05-09 07:00:00,3.7714059404338753,120.46210644960766,0
2023-05-09 08:00:00,4.071557472069657,101.87836753971861,0
2023-05-09 09:00:00,4.112156905273647,93.5589168831212,0
2023-05-09 10:00:00,3.292107839340839,135.5895373227525,1
2023-05-09 11:00:00,4.210760410406981,108.14947043554582,0
2023-05-09 12:00:00,3.724466126408582,100.73290105488556,0
2023-05-09 13:00:00,3.8124349920169753,100.60887536805824,0
2023-05-09 14:00:00,4.103007053441732,89.47012468289867,0
2023-05-09 15:00:00,4.102757190182442,90.05648623673578,0
2023-05-09 16:00:00,4.10300953726121,78.9609209230046,0
2023-05-09 17:00:00,4.770546298130944,126.24365114780409,0
2023-05-09 18:00:00,4.114178102138633,81.34205146913072,0
2023-05-09 19:00:00,4.22711312803612,89.60642203306139,0
2023-05-09 20:00:00,4.19080035269864,89.22389101646203,0
2023-05-09 21:00:00,4.13027825026116,113.42386565416662,0
2023-05-09 22:00:00,3.936946151071931,95.57575482561958,0
2023-05-09 23:00:00,4.151793844098654,118.716131090106,0
2023-05-10 00:00:00,3.8454349570924857,89.89764063634198,0
2023-05-10 01:00:00,3.9526362786519984,104.18491243335703,0
2023-05-10 02:00:00,3.9029272904341794,87.46979420110364,0
2023-05-10 03:00:00,3.4450695598061576,157.5429433885427,1
2023-05-10 04:00:00,4.462931713334702,82.18602371455731,0
2023-05-10 05:00:00,3.62654696148165,104.64731065340541,0
2023-05-10 06:00:00,4.1372520380749025,109.50665321398148,0
2023-05-10 07:00:00,3.6774568257620697,106.20698646177247,0
2023-05-10 08:00:00,3.905613626842113,97.22068511683437,0
2023-05-10 09:00:00,4.217790119393473,98.05268950399861,0
2023-05-10 10:00:00,4.012856003819093,100.65717207968665,0
2023-05-10 11:00:00,3.784451044414139,97.79496997557267,0
2023-05-10 12:00:00,3.856939258148006,114.45818675192365,0
2023-05-10 13:00:00,4.135919549786935,133.15784502387027,0
2023-05-10 14:00:00,3.8539266736565727,91.6376232248825,0
2023-05-10 15:00:00,4.043291717916395,79.45295530631384,0
2023-05-10 16:00:00,4.009114367980763,98.67576927473118,0
2023-05-10 17:00:00,3.01079934700327,173.0576500640152,1
2023-05-10 18:00:00,4.428788817865065,87.94488148045404,0
2023-05-10 19:00:00,4.126783804463602,124.58675208166102,0
2023-05-10 20:00:00,2.742814704221027,171.36370930523032,1
2023-05-10 21:00:00,4.037290862953886,91.69617637438009,0
2023-05-10 22:00:00,3.8676427070463224,108.53474618777913,0
2023-05-10 23:00:00,4.170486666959245,124.42594934692806,0
2023-05-11 00:00:00,3.84149585231346,94.3130838851877,0
2023-05-11 01:00:00,3.9770527117066203,96.94629459846458,0
2023-05-11 02:00:00,3.4538786115455933,134.85182478155485,1
2023-05-11 03:00:00,3.202285821598616,118.52727252784798,1
2023-05-11 04:00:00,3.7599407185888447,90.26083682400989,0
2023-05-11 05:00:00,3.93309975283181,81.64089599856615,0
2023-05-11 06:00:00,3.9050109377678086,100.51125202388839,0
2023-05-11 07:00:00,3.8693341534852577,88.45040153412037,0
2023-05-11 08:00:00,4.353090848056219,103.50678867686122,0
2023-05-11 09:00:00,3.2172043094088387,102.79454728096795,1
2023-05-11 10:00:00,3.747823209132991,104.96320348321686,0
2023-05-11 11:00:00,4.183572389410955,112.50293442413387,0
2023-05-11 12:00:00,4.4244312394025265,70.09396536142816,0
2023-05-11 13:00:00,4.206493052110229,105.61084854771359,0
2023-05-11 14:00:00,3.6961260068091972,118.41503488709938,0
2023-05-11 15:00:00,3.9031531854267496,81.85538471963191,0
2023-05-11 16:00:00,4.2533822298373245,125.08858580256555,0
2023-05-11 17:00:00,3.858466106876244,106.28528514049067,0
2023-05-11 18:00:00,4.088763885629246,89.42482216362387,0
2023-05-11 19:00:00,4.1549268106858674,99.16346383513441,0
2023-05-11 20:00:00,3.8146139056843835,108.37490368782584,0
2023-05-11 21:00:00,3.98809492878764,101.14008087118617,0
2023-05-11 22:00:00,3.351746531986185,108.08133988669553,0
2023-05-11 23:00:00,3.795122471733142,86.1898961038095,0
2023-05-12 00:00:00,3.949486369721368,102.54041236054117,0
2023-05-12 01:00:00,3.75044336360703,78.7942825464253,0
2023-05-12 02:00:00,4.326482260786327,98.33160907976949,0
2023-05-12 03:00:00,3.7139717244078736,86.44138537802816,0
2023-05-12 04:00:00,3.911991102660603,88.9670508611535,0
2023-05-12 05:00:00,4.026148115457218,118.54139762815656,0
2023-05-12 06:00:00,4.288254657813223,116.36965180891403,0
2023-05-12 07:00:00,3.712827569764112,109.13707181360766,0
2023-05-12 08:00:00,4.232632750430992,83.61530852991132,0
2023-05-12 09:00:00,4.002046612203918,95.25387325457797,0
2023-05-12 10:00:00,3.80369826979041,118.19646549968775,0
2023-05-12 11:00:00,4.092420694852654,102.12575370459857,0
2023-05-12 12:00:00,4.039811939114694,134.7899430997254,0
2023-05-12 13:00:00,3.879956624568241,105.89976759091557,0
2023-05-12 14:00:00,4.013960416998004,102.88073674735047,0
2023-05-12 15:00:00,3.922937280627648,95.36325303696248,0
2023-05-12 16:00:00,4.022703469050249,102.00311357173423,0
2023-05-12 17:00:00,4.132426134904209,97.71295245429184,0
2023-05-12 18:00:00,4.31720336322907,110.62163015032885,0
2023-05-12 19:00:00,3.7524369002346303,114.35053475191876,0
2023-05-12 20:00:00,4.426606674931254,88.21015809238075,0
2023-05-12 21:00:00,3.6095824400954997,80.03150569663333,0
2023-05-12 22:00:00,3.9696429809928833,72.45691940345056,0
2023-05-12 23:00:00,4.117663441296916,107.61986990368815,0
2023-05-13 00:00:00,4.056198373547007,83.4495009073919,0
2023-05-13 01:00:00,3.8754600960358814,67.70664110571275,0
2023-05-13 02:00:00,3.958375549928545,105.82867906796446,0
2023-05-13 03:00:00,3.9013998130682332,137.39499276149186,0
2023-05-13 04:00:00,3.882127048611158,99.9089363269016,0
2023-05-13 05:00:00,4.169920419404205,112.57736161677462,0
2023-05-13 06:00:00,4.071403097193009,101.22744037821347,0
2023-05-13 07:00:00,3.8614180809478693,98.51665520213287,0
2023-05-13 08:00:00,3.489313319311745,147.4602137381805,1
2023-05-13 09:00:00,3.254121269128617,129.88293018795474,1
2023-05-13 10:00:00,4.162572423767792,104.01088471107855,0
2023-05-13 11:00:00,4.125925768384723,104.8254670929402,0
2023-05-13 12:00:00,3.8342009978155858,89.97864319535427,0
2023-05-13 13:00:00,3.887963791960606,114.88063524304785,0
2023-05-13 14:00:00,4.1494587210246525,97.37560364956887,0
2023-05-13 15:00:00,4.122074053086693,88.66382260760733,0
2023-05-13 16:00:00,3.399288382099091,157.5903312165846,1
2023-05-13 17:00:00,4.023465476661756,86.52298027313444,0
2023-05-13 18:00:00,4.255532979157685,100.42271736053692,0
2023-05-13 19:00:00,3.881685722232834,99.86321505033695,0
2023-05-13 20:00:00,4.109419476234008,116.28843348747367,0
2023-05-13 21:00:00,3.959561469513221,107.12047349319928,0
2023-05-13 22:00:00,3.956463759354556,99.62459561882284,0
2023-05-13 23:00:00,4.219755370397438,112.26649448800431,0
2023-05-14 00:00:00,4.165083269797606,120.8531132352597,0
2023-05-14 01:00:00,4.1627019272001275,108.36715459527794,0
2023-05-14 02:00:00,4.261095761430866,100.15528929765071,0
2023-05-14 03:00:00,4.004200768326552,80.32245651474761,0
2023-05-14 04:00:00,4.136390594258993,84.02329505386942,0
2023-05-14 05:00:00,3.937946648681309,95.42162943467999,0
2023-05-14 06:00:00,3.213250294054587,129.55812588421676,1
2023-05-14 07:00:00,3.973971389126463,97.19543045521831,0
2023-05-14 08:00:00,4.019399192998543,100.8497488734566,0
2023-05-14 09:00:00,4.119031405087383,107.94539131535096,0
2023-05-14 10:00:00,3.8363558633533055,98.94251832911362,0
2023-05-14 11:00:00,4.418477455137092,107.29752465739303,0
2023-05-14 12:00:00,3.7987965237000596,100.9671162221518,0
2023-05-14 13:00:00,3.7571622774424536,70.36800150469193,0
2023-05-14 14:00:00,4.231622174700013,85.90996909271868,0
2023-05-14 15:00:00,4.158332538792587,97.83868666417577,0
2023-05-14 16:00:00,4.124823963410431,81.85457885738339,0
2023-05-14 17:00:00,4.125669101852856,108.99893094994307,0
2023-05-14 18:00:00,3.997550645430617,122.96126248515546,0
2023-05-14 19:00:00,3.8205491257028337,118.28142777545975,0
2023-05-14 20:00:00,4.015160911638746,96.79835693604689,0
2023-05-14 21:00:00,3.864567657697578,122.36089205274928,0
2023-05-14 22:00:00,4.19502394668355,102.23001185803167,0
2023-05-14 23:00:00,3.9705885236995724,94.94371043322941,0
2023-05-15 00:00:00,3.834900560641498,90.79896004688591,0
2023-05-15 01:00:00,3.9357228316694015,95.46295470267808,0
2023-05-15 02:00:00,4.082586290855125,94.17734772188157,0
2023-05-15 03:00:00,3.887255089439205,102.55624333563232,0
2023-05-15 04:00:00,3.2670267417749677,138.23768749862714,1
2023-05-15 05:00:00,4.048737442298383,100.04569030230121,0
2023-05-15 06:00:00,4.048993314221745,106.55407254619524,0
2023-05-15 07:00:00,3.898611364925774,117.85969412179512,0
2023-05-15 08:00:00,3.11712779910613,145.69908752327385,1
2023-05-15 09:00:00,3.5243481023898724,119.66336584383826,1
2023-05-15 10:00:00,3.710383131700535,61.69118297647068,0
2023-05-15 11:00:00,3.7185072451246888,114.01479866858911,0
2023-05-15 12:00:00,3.8563111557495127,79.49681952376868,0
2023-05-15 13:00:00,3.9573105696576305,96.62851897160975,0
2023-05-15 14:00:00,4.062181513119601,82.44830460910961,0
2023-05-15 15:00:00,4.29507124338991,72.9702934362997,0
2023-05-15 16:00:00,4.171531924640404,108.12194092307182,0
2023-05-15 17:00:00,3.9680122940073144,111.3873274045397,0
2023-05-15 18:00:00,3.996196758419462,91.35234398909921,0
2023-05-15 19:00:00,3.799494127072438,61.134365617826354,0
2023-05-15 20:00:00,3.996297372801522,91.80633327621275,0
2023-05-15 21:00:00,3.9422682722159723,105.8770600810382,0
2023-05-15 22:00:00,4.064543712067618,77.81632646838807,0
2023-05-15 23:00:00,3.834553811289535,102.75039879668734,0
2023-05-16 00:00:00,4.103869302848234,99.77035226240507,0
2023-05-16 01:00:00,4.306547782600515,108.68937249401633,0
2023-05-16 02:00:00,3.9782479703086286,101.79370552621229,0
2023-05-16 03:00:00,4.080342344419789,85.40396588677666,0
2023-05-16 04:00:00,4.138028798342223,117.94857252496737,0
2023-05-16 05:00:00,3.9197559056228326,97.62205640459545,0
2023-05-16 06:00:00,4.044818496362083,99.59043190735102,0
2023-05-16 07:00:00,4.002518480156359,86.00098061390206,0
2023-05-16 08:00:00,4.019535219709766,93.35076623212734,0
2023-05-16 09:00:00,3.8453980432289065,86.72795928959648,0
2023-05-16 10:00:00,4.0049020348517885,97.40580910114866,0
2023-05-16 11:00:00,4.09959965824909,125.67562720213516,0
2023-05-16 12:00:00,4.290228721559008,79.42148285602966,0
2023-05-16 13:00:00,4.191854165217041,75.79657903184888,0
2023-05-16 14:00:00,4.4306364915023115,122.06755491240412,0
2023-05-16 15:00:00,2.858269145260167,140.09101341556308,1
2023-05-16 16:00:00,4.174464127344136,89.96390892010125,0
2023-05-16 17:00:00,4.03666840114767,115.59857031094114,0
2023-05-16 18:00:00,4.437960586643534,90.91576690394703,0
2023-05-16 19:00:00,3.8383403429289698,127.39014570320404,0
2023-05-16 20:00:00,3.8320556315638448,110.16888807008904,0
2023-05-16 21:00:00,3.8801214709111957,92.68132887781447,0
2023-05-16 22:00:00,3.5752208551380384,132.35962319898255,0
2023-05-16 23:00:00,3.894848995663848,90.91427615494993,0
2023-05-17 00:00:00,3.8481734676892603,111.13143058013961,0
2023-05-17 01:00:00,4.030078757295241,104.48938870609737,0
2023-05-17 02:00:00,4.068351195155432,119.52611934098198,0
2023-05-17 03:00:00,4.375234167843177,123.42266795090279,0
2023-05-17 04:00:00,4.19008476763721,100.4800622359865,0
2023-05-17 05:00:00,3.884619268867519,88.69873194480725,0
2023-05-17 06:00:00,3.8203170657303285,106.89958214408675,0
2023-05-17 07:00:00,4.098383834301301,89.8342694537184,0
2023-05-17 08:00:00,3.7359533585958715,130.20080871289935,0
2023-05-17 09:00:00,4.366291753170871,102.04802996624106,0
2023-05-17 10:00:00,4.235888024144257,94.52017673031837,0
2023-05-17 11:00:00,3.906164869579059,102.77020458797362,0
2023-05-17 12:00:00,3.6573730941818243,79.79310565705455,0
2023-05-17 13:00:00,4.2707744748330825,85.42578942234023,0
2023-05-17 14:00:00,3.9770920309494766,118.00620861916639,0
2023-05-17 15:00:00,4.247563262394692,90.14658581542906,0
2023-05-17 16:00:00,3.6811144682411268,84.2963352597709,0
2023-05-17 17:00:00,3.8801249954092456,108.04979128790929,0
2023-05-17 18:00:00,4.001048739943637,117.78556231994496,0
2023-05-17 19:00:00,4.0093961187529485,110.784299659976,0
2023-05-17 20:00:00,3.909986905704151,114.94071528708724,0
2023-05-17 21:00:00,4.1245699864695,88.64807367145809,0
2023-05-17 22:00:00,3.786475914123481,78.67283999887235,0
2023-05-17 23:00:00,3.9715241029957413,122.5200047793323,0
2023-05-18 00:00:00,4.0240591263423795,95.15980241736797,0
2023-05-18 01:00:00,3.2741030018665156,123.82946927153121,1
2023-05-18 02:00:00,4.142322975617778,119.92291212773587,0
2023-05-18 03:00:00,3.7750715816324263,108.3434501410099,0
2023-05-18 04:00:00,3.6931771658528754,106.83831658122412,0
2023-05-18 05:00:00,4.255535364379702,132.47503517351626,0
2023-05-18 06:00:00,4.066462802395918,90.34722654429785,0
2023-05-18 07:00:00,3.850302692688689,113.91760192121856,0
2023-05-18 08:00:00,4.3102303951045045,100.85519687345626,0
2023-05-18 09:00:00,4.023134926858572,104.02888418294886,0
2023-05-18 10:00:00,4.235859436812765,122.92702639618798,0
2023-05-18 11:00:00,4.013503696282021,107.61753634434436,0
2023-05-18 12:00:00,4.412149584976397,108.07444118574449,0
2023-05-18 13:00:00,4.3510681684886405,116.08761005964703,0
2023-05-18 14:00:00,3.9502071703041852,94.52570905685673,0
2023-05-18 15:00:00,4.194314190190871,87.4118549899149,0
2023-05-18 16:00:00,4.12907518991703,84.3278620896845,0
2023-05-18 17:00:00,4.273726311506469,70.50465115935998,0
2023-05-18 18:00:00,3.807015307883979,130.84310694910482,0
2023-05-18 19:00:00,4.137210291999688,83.45187451417476,0
2023-05-18 20:00:00,4.211684897369918,96.68119564621342,0
2023-05-18 21:00:00,3.648252102715377,95.84780050166619,0
2023-05-18 22:00:00,3.763348297466845,104.61110046713651,0
2023-05-18 23:00:00,3.5921535644479796,112.23605818808946,0
2023-05-19 00:00:00,3.9461186331110882,112.90710232539618,0
2023-05-19 01:00:00,4.143508451159192,91.25383842146593,0
2023-05-19 02:00:00,4.300471410419206,97.49317429320382,0
2023-05-19 03:00:00,4.014818956083955,104.2386992573245,0
2023-05-19 04:00:00,4.325723109114258,96.26963310724679,0
2023-05-19 05:00:00,3.723979708357022,124.1101836402999,0
2023-05-19 06:00:00,3.659323512128969,107.36462427457377,0
2023-05-19 07:00:00,3.9888904602206763,111.02316679074727,0
2023-05-19 08:00:00,4.076813089787861,109.94321903001119,0
2023-05-19 09:00:00,3.9934610503811814,117.60210786227987,0
2023-05-19 10:00:00,3.586511579992025,102.7153233805556,0
2023-05-19 11:00:00,3.982175992097442,80.5475207806623,0
2023-05-19 12:00:00,3.7391060998990295,105.99531927628962,0
2023-05-19 13:00:00,4.133934509766008,90.22964659312257,0
2023-05-19 14:00:00,4.0733196492193695,92.07074977375365,0
2023-05-19 15:00:00,3.812024042734529,108.7954602813264,0
2023-05-19 16:00:00,3.8972266165326612,118.57424607150453,0
2023-05-19 17:00:00,3.78815729562221,100.31907365104092,0
2023-05-19 18:00:00,3.9874641805453654,104.63249518898445,0
2023-05-19 19:00:00,4.191028464100247,125.53322416952857,0
2023-05-19 20:00:00,3.802854790732891,103.61129769232852,0
2023-05-19 21:00:00,4.100809303103569,139.02524671270592,0
2023-05-19 22:00:00,3.893948476325512,108.48264468447316,0
2023-05-19 23:00:00,3.8414254335475313,73.58855861266274,0
2023-05-20 00:00:00,3.9785939280090883,111.30012431656799,0
2023-05-20 01:00:00,3.1502103416737146,147.27947444678188,1
2023-05-20 02:00:00,3.8892701389305637,119.34629131124119,0
2023-05-20 03:00:00,3.0324132684226575,146.35968455581425,1
2023-05-20 04:00:00,4.392945026583278,97.92316024024339,0
2023-05-20 05:00:00,4.007052710394346,81.63552645565952,0
2023-05-20 06:00:00,3.860054898401483,96.86465114070963,0
2023-05-20 07:00:00,4.042795982146845,87.2421931868605,0
2023-05-20 08:00:00,3.977534390061834,91.29214825292917,0
2023-05-20 09:00:00,3.9558060800933554,108.82867606630914,0
2023-05-20 10:00:00,4.122833340008685,125.0485675652711,0
2023-05-20 11:00:00,4.151501542009461,105.92007294734472,0
2023-05-20 12:00:00,3.8938997704778946,82.06175406947224,0
2023-05-20 13:00:00,3.884836351871064,106.66904002330212,0
2023-05-20 14:00:00,3.944989660569671,117.94947229968477,0
2023-05-20 15:00:00,3.539615767052883,90.85325643520926,0
2023-05-20 16:00:00,3.6969617875602894,97.98974249990623,0
2023-05-20 17:00:00,4.273374853488905,100.22032292093796,0
2023-05-20 18:00:00,4.328993542700257,88.2265253037664,0
2023-05-20 19:00:00,3.9501927920887243,109.72420650765788,0
2023-05-20 20:00:00,4.1153113926111535,98.18577777088328,0
2023-05-20 21:00:00,4.062250030908707,106.29298665860541,0
2023-05-20 22:00:00,4.6157761616910475,86.6876173329685,0
2023-05-20 23:00:00,4.2239149822869155,93.43812549514884,0
2023-05-21 00:00:00,3.9744164817038468,110.83572036741657,0
2023-05-21 01:00:00,3.8088919118799147,94.40750271862349,0
2023-05-21 02:00:00,3.6787107359484854,125.90445776850108,0
2023-05-21 03:00:00,4.040692727173445,94.00545721578096,0
2023-05-21 04:00:00,3.848729850943139,103.37027088627829,0
2023-05-21 05:00:00,3.715549258080465,113.98886247809635,0
2023-05-21 06:00:00,3.8706854231514947,78.72451400600453,0
2023-05-21 07:00:00,3.783690399277121,73.58786782028837,0
2023-05-21 08:00:00,4.337428327014513,77.11515528144858,0
2023-05-21 09:00:00,4.17632795138989,118.93876155140774,0
2023-05-21 10:00:00,3.9984054717366764,91.72212781161329,0
2023-05-21 11:00:00,4.295988827778006,138.37298928502378,0
2023-05-21 12:00:00,4.015473661529524,91.53628602013917,0
2023-05-21 13:00:00,3.8277431597343474,102.76826954795555,0
2023-05-21 14:00:00,4.3046248154539315,123.13164928851813,0
2023-05-21 15:00:00,4.1077820087369314,130.09139332238684,0
2023-05-21 16:00:00,3.7925507691347087,130.92255364954596,0
2023-05-21 17:00:00,3.9619322643832784,118.12549345889714,0
2023-05-21 18:00:00,3.8248763493230484,115.36093788717193,0
2023-05-21 19:00:00,3.7234400538071326,108.88790423801774,0
2023-05-21 20:00:00,4.185235509506328,111.67541614249957,0
2023-05-21 21:00:00,4.381883328094026,91.732214255072,0
2023-05-21 22:00:00,2.902310122505738,136.29066524058803,1
2023-05-21 23:00:00,4.112593847338114,99.94938313883571,0
2023-05-22 00:00:00,3.8698714861756347,97.44723066212607,0
2023-05-22 01:00:00,3.493269924871105,133.33687319778056,1
2023-05-22 02:00:00,3.881521215152226,110.44581171185072,0
2023-05-22 03:00:00,3.8272018460640367,114.32957812855766,0
2023-05-22 04:00:00,3.363860783723202,130.29307513661985,1
2023-05-22 05:00:00,3.8338099767177924,122.16295121582893,0
2023-05-22 06:00:00,4.054091365155967,82.87466328799742,0
2023-05-22 07:00:00,3.9899523781101727,97.09510811080423,0
2023-05-22 08:00:00,3.952210390626718,89.24766519095793,0
2023-05-22 09:00:00,3.8184872675916806,72.0019507439041,0
2023-05-22 10:00:00,3.8846457338863334,98.7597897123595,0
2023-05-22 11:00:00,4.151078245165151,98.17378737425075,0
2023-05-22 12:00:00,4.100183437524876,122.70174614863197,0
2023-05-22 13:00:00,3.8044889510402897,109.46217526832166,0
2023-05-22 14:00:00,4.019866461085845,84.63719763506192,0
2023-05-22 15:00:00,4.150277424674358,127.81138849501282,0
2023-05-22 16:00:00,3.6661189437757256,118.31550543288029,0
2023-05-22 17:00:00,4.108672038475987,108.73146555202923,0
2023-05-22 18:00:00,3.8674752482108308,96.60273851725252,0
2023-05-22 19:00:00,4.114119733718632,85.60841144914781,0
2023-05-22 20:00:00,3.8473481686914965,94.4168983589342,0
2023-05-22 21:00:00,3.639023579867096,116.33122929556279,0
2023-05-22 22:00:00,3.6744915124233675,128.26879458901914,0
2023-05-22 23:00:00,4.009616989332277,123.14865292408284,0
2023-05-23 00:00:00,4.051944500344296,92.6672586732059,0
2023-05-23 01:00:00,3.8191366749791182,83.20573850066484,0
2023-05-23 02:00:00,4.127718491755475,102.11329370366806,0
2023-05-23 03:00:00,3.667695987546208,73.47340951655723,0
2023-05-23 04:00:00,3.986784040270537,104.84751571277172,0
2023-05-23 05:00:00,3.757796760047509,97.78596120551997,0
2023-05-23 06:00:00,3.869632778439568,93.00945247197636,0
2023-05-23 07:00:00,4.009479734263283,76.07945399099808,0
2023-05-23 08:00:00,3.148884177962823,145.73083136125544,1
2023-05-23 09:00:00,3.923088891154035,92.00948740507133,0
2023-05-23 10:00:00,4.201258561842888,82.45124746434568,0
2023-05-23 11:00:00,3.8846216260953703,56.91606680077526,0
2023-05-23 12:00:00,4.167138422413029,99.58727642424046,0
2023-05-23 13:00:00,3.7740586290684766,126.58377395004617,0
2023-05-23 14:00:00,4.105960835583057,124.91888821821806,0
2023-05-23 15:00:00,4.28831372413158,93.14355615120593,0
2023-05-23 16:00:00,3.505671099974542,90.9668190945733,0
2023-05-23 17:00:00,3.8406209489059044,107.03161384112536,0
2023-05-23 18:00:00,4.115414425436108,85.02421841217563,0
2023-05-23 19:00:00,3.9593909227914015,104.52687849729199,0
2023-05-23 20:00:00,4.074229174674262,111.49120417577035,0
2023-05-23 21:00:00,3.879202962656836,118.40399835826462,0
2023-05-23 22:00:00,4.01731795749458,98.4976888528007,0
2023-05-23 23:00:00,3.968864552921584,96.94489374734552,0
2023-05-24 00:00:00,4.233556412331962,86.83026119865158,0
2023-05-24 01:00:00,4.050884168660243,87.5967946894021,0
2023-05-24 02:00:00,4.06752053241504,96.6028166214771,0
2023-05-24 03:00:00,3.9176246067755067,105.51048260224267,0
2023-05-24 04:00:00,3.902478755185501,113.70376939349875,0
2023-05-24 05:00:00,3.913488362436076,87.95231573979483,0
2023-05-24 06:00:00,4.07889042847566,122.39032853439282,0
2023-05-24 07:00:00,3.9158031038359473,95.93314598436147,0
2023-05-24 08:00:00,4.057954971379282,99.67949058477346,0
2023-05-24 09:00:00,4.415080159729087,88.79182481278265,0
2023-05-24 10:00:00,4.174224940686338,63.63639609590587,0
2023-05-24 11:00:00,3.934795293566432,113.26068094541574,0
2023-05-24 12:00:00,4.240242784432789,111.0526584563865,0
2023-05-24 13:00:00,3.9183849253956895,95.7800866432268,0
2023-05-24 14:00:00,3.592375092964429,101.00486075837308,0
2023-05-24 15:00:00,3.798382737816519,107.73908826556149,0
2023-05-24 16:00:00,3.6258416157948288,76.56181214670187,0
2023-05-24 17:00:00,3.9296973031917384,92.06420983980559,0
2023-05-24 18:00:00,4.003683675837911,111.9139701943274,0
2023-05-24 19:00:00,4.335287462455057,81.18565865246126,0
2023-05-24 20:00:00,4.065385474752833,104.40336898249944,0
2023-05-24 21:00:00,3.956179894238227,79.65127293064893,0
2023-05-24 22:00:00,4.165881116236698,106.9964497365029,0
2023-05-24 23:00:00,3.557772938198423,99.46537776553775,0
2023-05-25 00:00:00,4.047122911621713,75.77302276141737,0
2023-05-25 01:00:00,4.154173038777393,117.47109031685757,0
2023-05-25 02:00:00,3.7042827508440315,88.98112634802926,0
2023-05-25 03:00:00,4.228750808641386,87.84621344478428,0
2023-05-25 04:00:00,4.067699281498883,103.00853795846415,0
2023-05-25 05:00:00,3.9169424172198397,117.22956024143073,0
2023-05-25 06:00:00,4.126556373221257,84.76267271532404,0
2023-05-25 07:00:00,4.454138571560879,100.92519774771958,0
2023-05-25 08:00:00,4.036373251011699,106.4322475049586,0
2023-05-25 09:00:00,4.049644117260067,110.39658410894717,0
2023-05-25 10:00:00,3.908127820091951,102.64662332915837,0
2023-05-25 11:00:00,3.8300311261070417,94.49458241375017,0
2023-05-25 12:00:00,4.166067163308849,87.5861466902692,0
2023-05-25 13:00:00,3.8287832348182267,101.29215824569562,0
2023-05-25 14:00:00,4.014313247443878,83.9179148202159,0
2023-05-25 15:00:00,3.9044685106469768,56.17974274758089,0
2023-05-25 16:00:00,4.095795965149279,106.54839706236501,0
2023-05-25 17:00:00,4.06673242105739,113.55902261629294,0
2023-05-25 18:00:00,4.20750798885158,64.55601346687243,0
2023-05-25 19:00:00,3.8979967202290506,84.85403942935093,0
2023-05-25 20:00:00,3.946025012941326,109.28731391507796,0
2023-05-25 21:00:00,3.8042472568435386,130.8624320456755,0
2023-05-25 22:00:00,3.9111413479847776,100.31190561513112,0
2023-05-25 23:00:00,4.07546009860897,89.07995588156298,0
2023-05-26 00:00:00,4.151397723329071,97.2565533834274,0
2023-05-26 01:00:00,3.8155669351644748,120.62314628722277,0
2023-05-26 02:00:00,3.4071192226911435,124.7912007426432,1
2023-05-26 03:00:00,4.2711275717609904,88.01211990024619,0
2023-05-26 04:00:00,4.08268698064474,92.75884716726951,0
2023-05-26 05:00:00,4.3753591625116135,85.70007087611931,0
2023-05-26 06:00:00,3.845242160179285,101.84005473992194,0
2023-05-26 07:00:00,3.7510690593377167,124.3701768770434,0
2023-05-26 08:00:00,3.6442559502191445,104.84618909674043,0
2023-05-26 09:00:00,4.299208862297837,96.21469746810568,0
2023-05-26 10:00:00,4.130873131270811,95.62283096626683,0
2023-05-26 11:00:00,3.988883065817909,76.55213786955014,0
2023-05-26 12:00:00,3.3496566480183616,156.07754335929081,1
2023-05-26 13:00:00,3.774902190540325,98.83244204480798,0
2023-05-26 14:00:00,4.489150395923366,97.29280129614061,0
2023-05-26 15:00:00,4.025844236395045,147.8966135176729,0
2023-05-26 16:00:00,4.021878958920978,104.48129362548529,0
2023-05-26 17:00:00,3.447731074640604,114.79407312655007,1
2023-05-26 18:00:00,4.096201846347343,93.60463605691685,0
2023-05-26 19:00:00,4.044776804855826,117.22668563795132,0
2023-05-26 20:00:00,3.8419051089109377,101.69905615806647,0
2023-05-26 21:00:00,3.3869228170811088,118.63605372223995,1
2023-05-26 22:00:00,4.376404899295006,113.78843401862805,0
2023-05-26 23:00:00,4.269084009230996,89.97783871691509,0
2023-05-27 00:00:00,4.318637325327879,128.09946664326318,0
2023-05-27 01:00:00,3.897756864713763,116.20072098571973,0
2023-05-27 02:00:00,2.8350105226946787,124.07888246424494,1
2023-05-27 03:00:00,3.9748426159800703,119.2152454260267,0
2023-05-27 04:00:00,4.011144982457739,101.01783265791104,0
2023-05-27 05:00:00,4.21883830369419,112.79160512683329,0
2023-05-27 06:00:00,3.6615070740570363,107.27099225941713,0
2023-05-27 07:00:00,4.305910063892123,87.3046501751369,0
2023-05-27 08:00:00,3.968398420284202,90.34675251523807,0
2023-05-27 09:00:00,3.914623786010516,115.44941226371742,0
2023-05-27 10:00:00,3.7975791249479665,94.97837001840189,0
2023-05-27 11:00:00,3.669028665626846,93.94527305137005,0
2023-05-27 12:00:00,4.164634116792383,85.6731613097597,0
2023-05-27 13:00:00,4.014663593437681,106.35398598390192,0
2023-05-27 14:00:00,3.7420078200517892,130.93787378864718,0
2023-05-27 15:00:00,3.740984245587277,83.9870062861859,0
2023-05-27 16:00:00,3.932843060141974,100.36329185009137,0
2023-05-27 17:00:00,4.333804305057878,121.18330833123144,0
2023-05-27 18:00:00,3.948081729727279,98.80537913131427,0
2023-05-27 19:00:00,3.6993714093763788,106.78557694374601,0
2023-05-27 20:00:00,3.9508513871828113,84.0640970777968,0
2023-05-27 21:00:00,3.945455286050466,106.42460645811472,0
2023-05-27 22:00:00,3.4606226714116857,97.19283602493176,0
2023-05-27 23:00:00,3.9891410266964376,114.78594993519795,0
2023-05-28 00:00:00,3.9538130939582645,117.81079077347127,0
2023-05-28 01:00:00,4.139241272962684,138.8434546302792,0
2023-05-28 02:00:00,4.369791218989069,108.69449759820364,0
2023-05-28 03:00:00,4.225313005909552,104.8869447487325,0
2023-05-28 04:00:00,3.9462222618890337,102.91576452366004,0
2023-05-28 05:00:00,3.7786948182516658,94.70250560783967,0
2023-05-28 06:00:00,4.514671960649972,105.07725765192536,0
2023-05-28 07:00:00,4.011843686802898,95.56897884791456,0
2023-05-28 08:00:00,4.002785858382589,102.52691464404421,0
2023-05-28 09:00:00,3.9951749825779994,119.7639630341194,0
2023-05-28 10:00:00,4.039616952153571,84.90186152080538,0
2023-05-28 11:00:00,3.9711279176152114,117.09817841693568,0
2023-05-28 12:00:00,3.885267598623953,119.75672601009798,0
2023-05-28 13:00:00,3.8906282117519218,98.22897209513381,0
2023-05-28 14:00:00,3.033573005311815,104.33184877145095,1
2023-05-28 15:00:00,3.891315045773247,90.88267019358351,0
2023-05-28 16:00:00,3.857430843464567,119.45491819841664,0
2023-05-28 17:00:00,3.4881457690677555,127.04126912234324,1
2023-05-28 18:00:00,3.949004556515829,85.01046651557634,0
2023-05-28 19:00:00,4.300798597716538,92.42837618157674,0
2023-05-28 20:00:00,3.469806038321398,112.60930039756829,0
2023-05-28 21:00:00,4.218301370384492,108.20100352302069,0
2023-05-28 22:00:00,4.249217038499526,96.41601851245458,0
2023-05-28 23:00:00,3.58532195351837,94.49763382277969,0
2023-05-29 00:00:00,3.9314624811839303,94.12362776434267,0
2023-05-29 01:00:00,3.9257118268008417,86.16384723252246,0
2023-05-29 02:00:00,3.7184976610564355,124.23063534204162,0
2023-05-29 03:00:00,3.844436662481825,95.1651929618299,0
2023-05-29 04:00:00,3.7778848309068342,118.25737781238244,0
2023-05-29 05:00:00,4.3504540886847245,122.81974077883677,0
2023-05-29 06:00:00,4.187135678629493,114.9746634722194,0
2023-05-29 07:00:00,4.254311018998831,93.52569530922928,0
2023-05-29 08:00:00,4.1443344128086474,106.05595135504915,0
2023-05-29 09:00:00,3.7741896457565542,99.63706590413626,0
2023-05-29 10:00:00,3.8950959467440454,86.44447208904808,0
2023-05-29 11:00:00,4.097874912245584,104.86538922582405,0
2023-05-29 12:00:00,3.7555744382216107,82.31440313260296,0
2023-05-29 13:00:00,4.142599686034478,117.81519082692346,0
2023-05-29 14:00:00,3.951934920368373,93.0307405405241,0
2023-05-29 15:00:00,3.032676583884128,137.68289915393842,1
2023-05-29 16:00:00,4.142191993640698,104.24931807319213,0
2023-05-29 17:00:00,4.088852662297208,96.11642539443883,0
2023-05-29 18:00:00,3.9278067668361842,108.80040702212912,0
2023-05-29 19:00:00,3.3659723790822387,141.10865520721362,1
2023-05-29 20:00:00,3.7837873344800204,113.06945946185866,0
2023-05-29 21:00:00,4.1231871213888525,79.81030479629877,0
2023-05-29 22:00:00,4.1186202515936765,101.89569369319618,0
2023-05-29 23:00:00,3.938090712137202,129.08393498587427,0
2023-05-30 00:00:00,4.065226604448424,84.99503013091638,0
2023-05-30 01:00:00,3.7497772847229394,89.83382544212722,0
2023-05-30 02:00:00,4.184805403841381,107.70861774488372,0
2023-05-30 03:00:00,3.9630195727114024,102.69372672909397,0
2023-05-30 04:00:00,3.895455395896192,105.25945148910338,0
2023-05-30 05:00:00,4.2098018451673775,107.33780695221495,0
2023-05-30 06:00:00,3.859131261891448,109.52082202842655,0
2023-05-30 07:00:00,3.718307740727288,116.64549762934334,0
2023-05-30 08:00:00,3.688674165295219,106.14727985392769,0
2023-05-30 09:00:00,4.121201990269128,96.38113518072187,0
2023-05-30 10:00:00,3.743914129500743,110.08860551804096,0
2023-05-30 11:00:00,4.350958836396873,128.49822902342822,0
2023-05-30 12:00:00,3.5836141184232555,98.0104938042614,0
2023-05-30 13:00:00,4.339291273658008,85.38206042994038,0
2023-05-30 14:00:00,4.042203493440524,116.60621003930459,0
2023-05-30 15:00:00,3.9806573776259215,98.19428254069602,0
2023-05-30 16:00:00,3.89101618263821,67.40995680978946,0
2023-05-30 17:00:00,4.079827222870414,112.71132515725633,0
2023-05-30 18:00:00,3.99247305951503,91.97007721069116,0
2023-05-30 19:00:00,4.220660376403305,98.64200076543759,0
2023-05-30 20:00:00,4.0228455297324075,104.97970495853522,0
2023-05-30 21:00:00,4.0300603522923755,102.857495196686,0
2023-05-30 22:00:00,3.927277557557229,110.6417772570856,0
2023-05-30 23:00:00,3.9886108752557865,93.46770444145236,0
2023-05-31 00:00:00,4.061560353778412,107.69658697264124,0
2023-05-31 01:00:00,3.657966321468675,96.10679983624124,0
2023-05-31 02:00:00,3.7303629155788576,111.08215721331254,0
2023-05-31 03:00:00,4.148652818804543,109.23051226019581,0
2023-05-31 04:00:00,4.034173087625589,85.96841946933107,0
2023-05-31 05:00:00,3.963203332729464,116.28973174262549,0
2023-05-31 06:00:00,3.5351153246142912,134.6264049099792,1
2023-05-31 07:00:00,4.069516341072334,112.12086697421718,0
2023-05-31 08:00:00,3.8920480639381276,105.50930970102011,0
2023-05-31 09:00:00,3.8443390549195375,127.57275515192684,0
2023-05-31 10:00:00,4.039169051019536,96.64801026442221,0
2023-05-31 11:00:00,3.8043254444769934,94.76024805822703,0
2023-05-31 12:00:00,4.081650551142895,99.708705911684,0
2023-05-31 13:00:00,3.6594832791524317,95.45230325748587,0
2023-05-31 14:00:00,4.205831127465129,111.99912852913076,0
2023-05-31 15:00:00,4.094519496482609,75.75534087345119,0
2023-05-31 16:00:00,4.051205946862775,84.19476371280469,0
2023-05-31 17:00:00,4.196538196789103,83.9829561763121,0
2023-05-31 18:00:00,4.333094888892515,114.25461387960364,0
2023-05-31 19:00:00,4.202874013003626,125.65920058872888,0
2023-05-31 20:00:00,3.6318251537336708,98.43326172193792,0
2023-05-31 21:00:00,3.7440846066528595,97.46767415214984,0
2023-05-31 22:00:00,3.8750362844608643,101.05078244669772,0
2023-05-31 23:00:00,4.005218210042167,117.42817453912286,0
2023-06-01 00:00:00,4.103531804093825,86.0897029871414,0
2023-06-01 01:00:00,3.854851237369307,103.57553474102178,0
2023-06-01 02:00:00,4.0373533528954155,114.62796444673644,0
2023-06-01 03:00:00,3.8489234135293353,107.51641254909768,0
2023-06-01 04:00:00,3.8776964394016105,102.84372424898115,0
2023-06-01 05:00:00,3.069826284449873,145.21460037074186,1
2023-06-01 06:00:00,3.8153533507778192,59.451515605011444,0
2023-06-01 07:00:00,3.729663078876733,110.16812979296361,0
2023-06-01 08:00:00,2.9864600979722193,125.84063919374105,1
2023-06-01 09:00:00,4.210728359321568,72.54050654715314,0
2023-06-01 10:00:00,3.8101202222336115,107.66803899287471,0
2023-06-01 11:00:00,4.526476412967478,120.60487817744436,0
2023-06-01 12:00:00,4.0986635801761775,97.93827228058463,0
2023-06-01 13:00:00,3.105595366193911,155.0928352179488,1
2023-06-01 14:00:00,3.8283284439637573,124.18417386982968,0
2023-06-01 15:00:00,4.140061975881799,119.72371680376071,0
2023-06-01 16:00:00,3.1659259966874496,154.78052543479285,1
2023-06-01 17:00:00,4.024401962929073,111.13191236607838,0
2023-06-01 18:00:00,4.512016907653759,101.13150458352389,0
2023-06-01 19:00:00,3.98078802005507,75.97051282154247,0
2023-06-01 20:00:00,4.229854665257135,96.30906267805076,0
2023-06-01 21:00:00,3.8593647149748227,87.35130107025712,0
2023-06-01 22:00:00,3.993002301900608,132.56414076246722,0
2023-06-01 23:00:00,4.354160127127102,97.36171281351496,0
2023-06-02 00:00:00,3.3981747388422425,145.81061912467706,1
2023-06-02 01:00:00,4.362489711599386,108.27228064060701,0
2023-06-02 02:00:00,4.141550387091095,100.65403669558681,0
2023-06-02 03:00:00,3.0351876005189915,151.475401329201,1
2023-06-02 04:00:00,4.126481547811104,90.66025957398323,0
2023-06-02 05:00:00,4.194510889925346,102.91911182855864,0
2023-06-02 06:00:00,4.124361992443439,88.86294121452927,0
2023-06-02 07:00:00,3.6859550560219088,80.19966233168941,0
2023-06-02 08:00:00,3.8545725648350264,90.82346363642071,0
2023-06-02 09:00:00,3.950496272889699,99.44444804427383,0
2023-06-02 10:00:00,3.9851133141799906,93.5604666322411,0
2023-06-02 11:00:00,4.124134419510136,89.61368530189216,0
2023-06-02 12:00:00,4.0355402001866505,78.9052380449225,0
2023-06-02 13:00:00,3.7329311282579796,98.75341641056959,0
2023-06-02 14:00:00,4.076039570201193,77.42919438953497,0
2023-06-02 15:00:00,4.1221171490567645,111.40083945534404,0
2023-06-02 16:00:00,4.111958089586208,101.23659629401755,0
2023-06-02 17:00:00,4.216156145110924,78.13672750802604,0
2023-06-02 18:00:00,4.166784430909781,95.36186384425204,0
2023-06-02 19:00:00,4.091836015845687,88.71765391614124,0
2023-06-02 20:00:00,3.9859668577082705,104.78761765628771,0
2023-06-02 21:00:00,3.6678078132968017,120.10675669034717,0
2023-06-02 22:00:00,4.085923643826517,71.87241295531383,0
2023-06-02 23:00:00,4.041537537432622,101.72539118721126,0
2023-06-03 00:00:00,4.054315767439075,97.5980080665004,0
2023-06-03 01:00:00,3.744650284835938,110.07010114675698,0
2023-06-03 02:00:00,3.7837886919183474,103.19794942356533,0
2023-06-03 03:00:00,4.210630570666581,88.72046002391771,0
2023-06-03 04:00:00,3.992088969228669,95.21419096500072,0
2023-06-03 05:00:00,4.136300139474525,88.05961214794766,0
2023-06-03 06:00:00,4.005663675226092,116.14010707897897,0
2023-06-03 07:00:00,4.005951227899149,100.31967473007913,0
2023-06-03 08:00:00,4.1876567611952,128.5178602862951,0
2023-06-03 09:00:00,3.8967910543565254,99.0900877927807,0
2023-06-03 10:00:00,4.019224155388197,89.37389849634306,0
2023-06-03 11:00:00,3.9075449422589914,77.2942841108076,0
2023-06-03 12:00:00,3.913100754513537,72.95290485616083,0
2023-06-03 13:00:00,3.938165575306272,76.23796085491765,0
2023-06-03 14:00:00,4.044426754326743,104.00689976517225,0
2023-06-03 15:00:00,3.9042502756673043,107.63087534844901,0
2023-06-03 16:00:00,4.251151225114704,76.282139469518,0
2023-06-03 17:00:00,3.8210785395560993,113.42557471114173,0
2023-06-03 18:00:00,3.962625671167728,92.75408422474841,0
2023-06-03 19:00:00,3.166808155973476,140.03610043540613,1
2023-06-03 20:00:00,4.289395576870747,124.18330942383136,0
2023-06-03 21:00:00,4.039310955302315,113.45258973798298,0
2023-06-03 22:00:00,4.206368907893727,95.97204028141252,0
2023-06-03 23:00:00,3.7028879253926057,86.63211661877068,0
2023-06-04 00:00:00,4.0534100531738515,67.72276898006042,0
2023-06-04 01:00:00,4.177926159124687,89.2127002113637,0
2023-06-04 02:00:00,4.016456797855085,96.83304641758458,0
2023-06-04 03:00:00,4.213096075013071,85.19230709273224,0
2023-06-04 04:00:00,3.8965423099799255,98.03114549361543,0
2023-06-04 05:00:00,4.281869488037116,101.15277824438152,0
2023-06-04 06:00:00,4.45977962472385,96.62716027287883,0
2023-06-04 07:00:00,3.927432287912068,90.2499612876481,0
2023-06-04 08:00:00,3.9108994957198457,102.52982007950092,0
2023-06-04 09:00:00,4.29067689542354,106.62910974354114,0
2023-06-04 10:00:00,4.315914429146143,83.64401383835731,0
2023-06-04 11:00:00,3.895427994569346,121.16398569619405,0
2023-06-04 12:00:00,3.9159626365808284,98.52117801573607,0
2023-06-04 13:00:00,3.4214427955642877,138.9223739109014,1
2023-06-04 14:00:00,3.086238463697591,144.9542452583292,1
2023-06-04 15:00:00,3.81626961070316,103.49824196895253,0
2023-06-04 16:00:00,3.7991718466495863,114.29704950869868,0
2023-06-04 17:00:00,3.846440486979174,104.30686247802737,0
2023-06-04 18:00:00,3.9930630225226436,90.81343938039343,0
2023-06-04 19:00:00,4.046842946507304,105.42255287809152,0
2023-06-04 20:00:00,4.310100098562815,82.84410689019008,0
2023-06-04 21:00:00,3.8003291918522417,101.62839558664784,0
2023-06-04 22:00:00,4.196864479695317,99.5015501403331,0
2023-06-04 23:00:00,3.957202231154898,96.87824714091191,0
2023-06-05 00:00:00,3.9901072580695134,98.07193732841604,0
2023-06-05 01:00:00,4.134963898433321,71.77226431753542,0
2023-06-05 02:00:00,3.77545559568754,91.76912638388558,0
2023-06-05 03:00:00,4.07648194923681,101.39267351711672,0
2023-06-05 04:00:00,4.033290441642611,102.39784587996101,0
2023-06-05 05:00:00,4.09849025280163,84.58487288611063,0
2023-06-05 06:00:00,4.057833728781564,118.98561761297051,0
2023-06-05 07:00:00,4.491060027982179,87.00737727678249,0
2023-06-05 08:00:00,3.872452003149737,114.54185800790106,0
2023-06-05 09:00:00,3.8938006089996366,106.40791542807527,0
2023-06-05 10:00:00,3.8753718947150473,90.30659035234295,0
2023-06-05 11:00:00,3.888904576167949,126.62966338914268,0
2023-06-05 12:00:00,3.8725225745386966,82.0954475236528,0
2023-06-05 13:00:00,4.23780330622151,113.78731260415002,0
2023-06-05 14:00:00,4.284100849597971,115.00873477064468,0
2023-06-05 15:00:00,3.885850741250105,89.94069686385032,0
2023-06-05 16:00:00,3.8335288853791543,120.88697950096493,0
2023-06-05 17:00:00,4.094283111277281,96.2493022810157,0
2023-06-05 18:00:00,3.889555391143806,104.33040443919785,0
2023-06-05 19:00:00,4.126586363551102,103.90482758156831,0
2023-06-05 20:00:00,4.0405846041702596,97.98536887794178,0
2023-06-05 21:00:00,3.6968511770005534,112.16212409739673,0
2023-06-05 22:00:00,4.309501040266012,111.9023308082832,0
2023-06-05 23:00:00,4.359175534619104,73.77202040142728,0
2023-06-06 00:00:00,3.8774422619031226,119.56510364317229,0
2023-06-06 01:00:00,3.922459688012803,75.06262017946489,0
2023-06-06 02:00:00,4.057173078144981,115.48819306512486,0
2023-06-06 03:00:00,4.066891357997405,116.90057705241375,0
2023-06-06 04:00:00,4.131708854534566,83.63550354677203,0
2023-06-06 05:00:00,4.40204090775327,93.83778568068122,0
2023-06-06 06:00:00,3.9646105545011903,83.41442997271096,0
2023-06-06 07:00:00,3.8403405510923094,96.77618454566897,0
2023-06-06 08:00:00,3.7241361543970948,95.37948573721388,0
2023-06-06 09:00:00,3.853813992011616,111.6949079840401,0
2023-06-06 10:00:00,3.9933746054252404,119.65463119179412,0
2023-06-06 11:00:00,4.3589115727035574,120.93525716184934,0
2023-06-06 12:00:00,3.8964777401927657,91.56747960132547,0
2023-06-06 13:00:00,4.04475759032778,96.86167189383208,0
2023-06-06 14:00:00,3.9967154207854496,74.74842711668575,0
2023-06-06 15:00:00,3.308740581725163,114.1283905941,1
2023-06-06 16:00:00,4.505386485174724,114.47277449646187,0
2023-06-06 17:00:00,3.893826245415936,124.23374235322348,0
2023-06-06 18:00:00,3.9021121114963555,81.48476692180117,0
2023-06-06 19:00:00,4.208832175413814,91.11303611270658,0
2023-06-06 20:00:00,4.136378297925262,99.60391364561609,0
2023-06-06 21:00:00,4.3693414651472064,104.2024173822941,0
2023-06-06 22:00:00,4.116785637065193,87.85594720117531,0
2023-06-06 23:00:00,3.928141581842588,106.36091566696135,0
2023-06-07 00:00:00,4.1181309661384615,92.89240979393625,0
2023-06-07 01:00:00,4.221740716116582,99.78321593682581,0
2023-06-07 02:00:00,4.164096436239473,108.19426372005549,0
2023-06-07 03:00:00,4.10145480622146,100.09633404716406,0
2023-06-07 04:00:00,4.213334937917831,93.45421164210147,0
2023-06-07 05:00:00,4.233859118089135,98.35585294111253,0
2023-06-07 06:00:00,4.276431798207505,98.67455561191997,0
2023-06-07 07:00:00,4.129741977517929,94.44983455176808,0
2023-06-07 08:00:00,3.966576383936629,96.11805905999347,0
2023-06-07 09:00:00,4.029342737286664,123.97970755757075,0
2023-06-07 10:00:00,4.2413017933016715,108.41379171911858,0
2023-06-07 11:00:00,3.029225769979728,125.1108775602665,1
2023-06-07 12:00:00,4.07373466177458,110.45431606766104,0
2023-06-07 13:00:00,3.9213322375345276,94.99270765365985,0
2023-06-07 14:00:00,4.005748964586964,117.59686956379961,0
2023-06-07 15:00:00,4.255690372521459,105.54463288297141,0
2023-06-07 16:00:00,4.03821981360398,98.39046783993656,0
2023-06-07 17:00:00,4.00928730963123,106.71575388715416,0
2023-06-07 18:00:00,3.7280287718040164,76.4368577189725,0
2023-06-07 19:00:00,4.149250713205444,83.09848796635292,0
2023-06-07 20:00:00,4.129096836228215,82.09112490401417,0
2023-06-07 21:00:00,4.432650944661092,102.1441464214556,0
2023-06-07 22:00:00,3.9384443530094,125.98772499227638,0
2023-06-07 23:00:00,4.043830065532788,133.46950219288948,0
2023-06-08 00:00:00,4.049876736742151,109.57076652161136,0
2023-06-08 01:00:00,4.315490655952695,107.51266712416685,0
2023-06-08 02:00:00,3.9809408935226096,72.98413398770892,0
2023-06-08 03:00:00,4.0558043051540675,91.85989300398967,0
2023-06-08 04:00:00,4.121579301943308,88.18324372137641,0
2023-06-08 05:00:00,4.037321824631271,90.68728602623327,0
2023-06-08 06:00:00,3.9107132770898945,97.47784272122816,0
2023-06-08 07:00:00,4.0388179985796615,92.91864133454308,0
2023-06-08 08:00:00,4.214726349971954,70.31050284436319,0
2023-06-08 09:00:00,3.794696940117788,111.218653841763,0
2023-06-08 10:00:00,4.026593934829375,83.9088546139029,0
2023-06-08 11:00:00,3.8599758370121653,103.58870296166724,0
2023-06-08 12:00:00,4.239009325784968,131.1112400462496,0
2023-06-08 13:00:00,3.695362619043245,86.20923112620365,0
2023-06-08 14:00:00,3.8882156305456825,62.04568715880505,0
2023-06-08 15:00:00,4.075442375012904,95.70993667179833,0
2023-06-08 16:00:00,4.313104805846868,116.51439452497857,0
2023-06-08 17:00:00,3.9868499477854025,129.3752118133089,0
2023-06-08 18:00:00,3.8889600946613605,81.55675608321374,0
2023-06-08 19:00:00,4.376231413888118,107.45048834854782,0
2023-06-08 20:00:00,3.710397219916751,93.0203431482992,0
2023-06-08 21:00:00,3.5602388086759835,98.41077468543797,0
2023-06-08 22:00:00,4.088002890010666,139.66515020525551,0
2023-06-08 23:00:00,3.899589155129478,77.4554450740727,0
2023-06-09 00:00:00,3.7957534365738574,103.8060949224186,0
2023-06-09 01:00:00,4.141671289459871,107.01539757648149,0
2023-06-09 02:00:00,4.04876014275424,116.2867948740902,0
2023-06-09 03:00:00,3.8871842738526543,101.46974730206342,0
2023-06-09 04:00:00,3.743939120265821,104.62075809256153,0
2023-06-09 05:00:00,4.174491465656029,94.12527148867314,0
2023-06-09 06:00:00,4.130040235591732,104.0369041186766,0
2023-06-09 07:00:00,3.9801648272441232,94.85211586753884,0
2023-06-09 08:00:00,4.369327399209533,109.32357834784077,0
2023-06-09 09:00:00,3.7859830467347697,94.45584495934548,0
2023-06-09 10:00:00,3.694894965815052,105.6565059085328,0
2023-06-09 11:00:00,3.861618386023751,99.56105779472533,0
2023-06-09 12:00:00,3.9908827967289002,116.89075376158252,0
2023-06-09 13:00:00,4.0486678898645385,99.22909414617271,0
2023-06-09 14:00:00,3.9517527884287342,73.40451297689678,0
2023-06-09 15:00:00,4.070411079302859,118.92882251070988,0
2023-06-09 16:00:00,3.749692115161911,86.41401548706071,0
2023-06-09 17:00:00,4.288752920814652,90.1935049202677,0
2023-06-09 18:00:00,3.9835697643214862,91.06508058934762,0
2023-06-09 19:00:00,4.2234591663176255,120.61657139756227,0
2023-06-09 20:00:00,4.068545069275541,67.96488679031957,0
2023-06-09 21:00:00,4.091350643830757,147.0662280048999,0
2023-06-09 22:00:00,4.113953456046441,115.84085213599077,0
2023-06-09 23:00:00,4.089541712003463,103.3485837119374,0
2023-06-10 00:00:00,4.1285445519735084,99.1765899907557,0
2023-06-10 01:00:00,4.265830506026486,104.28331112286486,0
2023-06-10 02:00:00,4.039304233940294,107.81683642569007,0
2023-06-10 03:00:00,4.141800751517702,109.67823378925085,0
2023-06-10 04:00:00,3.9820528611425545,108.33406699005172,0
2023-06-10 05:00:00,4.2880234430898945,101.34371021882873,0
2023-06-10 06:00:00,3.864721539588146,97.03992369539012,0
2023-06-10 07:00:00,4.360188086582163,97.73090074519732,0
2023-06-10 08:00:00,3.991968409871131,97.07637579470979,0
2023-06-10 09:00:00,3.7138449795763906,117.00655145300597,0
2023-06-10 10:00:00,4.025620882982158,108.90335083421293,0
2023-06-10 11:00:00,3.863789668505024,55.8941704800358,0
2023-06-10 12:00:00,4.168128709797744,109.83851164794642,0
2023-06-10 13:00:00,3.8694752041395217,102.92104292078162,0
2023-06-10 14:00:00,3.910763313357044,99.71936865331153,0
2023-06-10 15:00:00,3.6220918538108937,94.17222320366672,0
2023-06-10 16:00:00,3.9095387361501848,116.86169079979021,0
2023-06-10 17:00:00,3.5152241346742086,114.21289693184286,0
2023-06-10 18:00:00,3.6832194353028553,88.40683498264586,0
2023-06-10 19:00:00,4.152082931228859,106.10578430686803,0
2023-06-10 20:00:00,4.157160031730166,85.42514898188071,0
2023-06-10 21:00:00,3.4216341732064954,106.05581533149268,1
2023-06-10 22:00:00,3.8066047713741575,90.59924163115052,0
2023-06-10 23:00:00,3.990457728771604,112.93590208574138,0
2023-06-11 00:00:00,3.9992794921818864,114.2968756806413,0
2023-06-11 01:00:00,3.7683270621614913,107.6962813014594,0
2023-06-11 02:00:00,4.30067966035343,110.87643680271995,0
2023-06-11 03:00:00,4.175472458115134,107.74267430672438,0
2023-06-11 04:00:00,3.9558071652340674,90.37777607165572,0
2023-06-11 05:00:00,4.0053771677989065,106.47883817010911,0
2023-06-11 06:00:00,4.041676561589511,112.00614287841523,0
2023-06-11 07:00:00,3.591653026315142,111.31436994720362,0
2023-06-11 08:00:00,3.9505645234958804,117.83370057211964,0
2023-06-11 09:00:00,3.8636031504004404,110.62455770801596,0
2023-06-11 10:00:00,3.799675998021017,105.27172311312374,0
2023-06-11 11:00:00,3.943779941422809,116.05225357474642,0
2023-06-11 12:00:00,4.359537305369905,99.6021811112641,0
2023-06-11 13:00:00,4.128168572253402,86.77188023158423,0
2023-06-11 14:00:00,3.8857642020434406,97.55399554084354,0
2023-06-11 15:00:00,4.114516556271232,88.82646032790326,0
